{"nodes":{"node:100000":{"location":{"x":20,"y":30}},"node:100001":{"location":{"x":520,"y":30}},"node:100002":{"location":{"x":20,"y":145}},"node:100003":{"location":{"x":520,"y":145}},"node:100004":{"location":{"x":20,"y":260}},"node:100005":{"location":{"x":520,"y":260}},"node:100006":{"location":{"x":20,"y":375}},"node:100007":{"location":{"x":520,"y":375}},"node:100008":{"location":{"x":20,"y":490}},"node:100009":{"location":{"x":520,"y":490}},"node:100010":{"location":{"x":20,"y":605}},"node:100011":{"location":{"x":520,"y":605}},"node:100012":{"location":{"x":20,"y":720}},"node:100013":{"location":{"x":520,"y":720}},"node:100014":{"location":{"x":20,"y":835}},"node:100015":{"location":{"x":520,"y":835}},"node:100016":{"location":{"x":20,"y":950}},"node:100017":{"location":{"x":520,"y":950}},"node:100018":{"location":{"x":20,"y":1065}},"node:200000":{"location":{"x":275,"y":45}},"node:200001":{"location":{"x":275,"y":160}},"node:200002":{"location":{"x":275,"y":275}},"node:200003":{"location":{"x":275,"y":390}},"node:200004":{"location":{"x":275,"y":505}},"node:200005":{"location":{"x":275,"y":620}},"node:200006":{"location":{"x":275,"y":735}},"node:200007":{"location":{"x":275,"y":850}},"node:200008":{"location":{"x":275,"y":965}},"node:200009":{"location":{"x":275,"y":1080}},"node:200010":{"location":{"x":275,"y":1195}},"node:200011":{"location":{"x":275,"y":1310}},"node:200012":{"location":{"x":275,"y":1425}},"node:200013":{"location":{"x":275,"y":1540}},"node:200014":{"location":{"x":275,"y":1655}},"node:200015":{"location":{"x":275,"y":1770}},"node:200016":{"location":{"x":275,"y":1885}},"node:200017":{"location":{"x":275,"y":2000}}},"selection":["node:100013"],"view":{"scroll":{"x":376.454833984375,"y":607.63824462890625},"visible_rect":{"max":{"x":764.45489501953125,"y":925.63836669921875},"min":{"x":376.454864501953125,"y":607.6383056640625}},"zoom":0.999999940395355225}}