{"nodes":{"node:100000":{"location":{"x":480,"y":196}},"node:100001":{"location":{"x":940,"y":30}},"node:100002":{"location":{"x":1400,"y":30}},"node:100003":{"location":{"x":1860,"y":30}},"node:100004":{"location":{"x":940,"y":155}},"node:100005":{"location":{"x":1400,"y":155}},"node:100006":{"location":{"x":1860,"y":155}},"node:100007":{"location":{"x":940,"y":405}},"node:100008":{"location":{"x":1400,"y":405}},"node:100009":{"location":{"x":1860,"y":280}},"node:100010":{"location":{"x":2320,"y":280}},"node:100011":{"location":{"x":2780,"y":280}},"node:100012":{"location":{"x":3240,"y":280}},"node:100013":{"location":{"x":1860,"y":405}},"node:100014":{"location":{"x":2320,"y":405}},"node:100015":{"location":{"x":1860,"y":530}},"node:100016":{"location":{"x":2320,"y":530}},"node:100017":{"location":{"x":2780,"y":530}},"node:100018":{"location":{"x":3240,"y":530}},"node:100019":{"location":{"x":20,"y":196}},"node:200000":{"location":{"x":710,"y":128}},"node:200001":{"location":{"x":1170,"y":45}},"node:200002":{"location":{"x":1630,"y":45}},"node:200003":{"location":{"x":710,"y":190}},"node:200004":{"location":{"x":1170,"y":170}},"node:200005":{"location":{"x":1630,"y":170}},"node:200006":{"location":{"x":710,"y":315}},"node:200007":{"location":{"x":1170,"y":420}},"node:200008":{"location":{"x":1630,"y":357}},"node:200009":{"location":{"x":2090,"y":295}},"node:200010":{"location":{"x":2550,"y":295}},"node:200011":{"location":{"x":3010,"y":295}},"node:200012":{"location":{"x":1630,"y":420}},"node:200013":{"location":{"x":2090,"y":420}},"node:200014":{"location":{"x":1630,"y":482}},"node:200015":{"location":{"x":2090,"y":545}},"node:200016":{"location":{"x":2550,"y":545}},"node:200017":{"location":{"x":3010,"y":545}},"node:200018":{"location":{"x":250,"y":211}}},"selection":["node:200018"],"view":{"scroll":{"x":93.5223770141601562,"y":123.304183959960938},"visible_rect":{"max":{"x":382.254852294921875,"y":468.13873291015625},"min":{"x":71.854827880859375,"y":94.7366943359375}},"zoom":1.30154621601104736}}